{"accuracy": 0.7932960893854749, "f1_score": 0.7812530964098161}